filename, language, Makefile, C++, CMake, Shell Script, XML, GLSL, comment, blank, total
/Users/laoganbu/project/player/clock/AudioMasterSyncStrategy.cpp, C++, 0, 81, 0, 0, 0, 0, 13, 23, 117
/Users/laoganbu/project/player/clock/AudioMasterSyncStrategy.h, C++, 0, 18, 0, 0, 0, 0, 1, 9, 28
/Users/laoganbu/project/player/clock/Clock.cpp, C++, 0, 74, 0, 0, 0, 0, 6, 14, 94
/Users/laoganbu/project/player/clock/Clock.h, C++, 0, 32, 0, 0, 0, 0, 22, 6, 60
/Users/laoganbu/project/player/clock/NaturalMasterSyncStrategy.cpp, C++, 0, 0, 0, 0, 0, 0, 0, 1, 1
/Users/laoganbu/project/player/clock/NaturalMasterSyncStrategy.h, C++, 0, 0, 0, 0, 0, 0, 0, 1, 1
/Users/laoganbu/project/player/clock/SyncClockManager.cpp, C++, 0, 44, 0, 0, 0, 0, 0, 9, 53
/Users/laoganbu/project/player/clock/SyncClockManager.h, C++, 0, 31, 0, 0, 0, 0, 0, 11, 42
/Users/laoganbu/project/player/clock/SyncStrategy.cpp, C++, 0, 12, 0, 0, 0, 0, 0, 5, 17
/Users/laoganbu/project/player/clock/SyncStrategy.h, C++, 0, 24, 0, 0, 0, 0, 5, 9, 38
/Users/laoganbu/project/player/clock/VideoMasterSyncStrategy.cpp, C++, 0, 55, 0, 0, 0, 0, 2, 17, 74
/Users/laoganbu/project/player/clock/VideoMasterSyncStrategy.h, C++, 0, 17, 0, 0, 0, 0, 1, 10, 28
/Users/laoganbu/project/player/clock/disco_clock.mk, Makefile, 27, 0, 0, 0, 0, 0, 0, 10, 37
/Users/laoganbu/project/player/cmake-modules/FindFFmpeg.cmake, CMake, 0, 0, 129, 0, 0, 0, 0, 22, 151
/Users/laoganbu/project/player/codec/FrameWrapper.h, C++, 0, 27, 0, 0, 0, 0, 0, 4, 31
/Users/laoganbu/project/player/codec/Makefile, Makefile, 76, 0, 0, 0, 0, 0, 43, 48, 167
/Users/laoganbu/project/player/codec/MediaDecoder.cpp, C++, 0, 248, 0, 0, 0, 0, 34, 32, 314
/Users/laoganbu/project/player/codec/MediaDecoder.h, C++, 0, 67, 0, 0, 0, 0, 2, 20, 89
/Users/laoganbu/project/player/codec/disco_codec.mk, Makefile, 11, 0, 0, 0, 0, 0, 0, 6, 17
/Users/laoganbu/project/player/common/cache/ConcurrentCachePool.h, C++, 0, 78, 0, 0, 0, 0, 3, 16, 97
/Users/laoganbu/project/player/common/disco_common.mk, Makefile, 13, 0, 0, 0, 0, 0, 0, 8, 21
/Users/laoganbu/project/player/common/log/Log.cpp, C++, 0, 9, 0, 0, 0, 0, 0, 3, 12
/Users/laoganbu/project/player/common/log/Log.h, C++, 0, 48, 0, 0, 0, 0, 1, 11, 60
/Users/laoganbu/project/player/common/structure/ConcurrentQueue.h, C++, 0, 109, 0, 0, 0, 0, 2, 21, 132
/Users/laoganbu/project/player/makefile, Makefile, 53, 0, 0, 0, 0, 0, 3, 14, 70
/Users/laoganbu/project/player/platform/mac/DiscoMainWindow.cpp, C++, 0, 0, 0, 0, 0, 0, 12, 2, 14
/Users/laoganbu/project/player/platform/mac/DiscoMainWindow.h, C++, 0, 0, 0, 0, 0, 0, 16, 7, 23
/Users/laoganbu/project/player/platform/mac/MacDiscoPlayer.cpp, C++, 0, 2, 0, 0, 0, 0, 0, 2, 4
/Users/laoganbu/project/player/platform/mac/MacDiscoPlayer.h, C++, 0, 3, 0, 0, 0, 0, 3, 4, 10
/Users/laoganbu/project/player/platform/mac/OpenGLRenderWidget.cpp, C++, 0, 136, 0, 0, 0, 0, 31, 28, 195
/Users/laoganbu/project/player/platform/mac/OpenGLRenderWidget.h, C++, 0, 32, 0, 0, 0, 0, 2, 11, 45
/Users/laoganbu/project/player/platform/mac/QRenderWidget.cpp, C++, 0, 61, 0, 0, 0, 0, 0, 9, 70
/Users/laoganbu/project/player/platform/mac/QRenderWidget.h, C++, 0, 27, 0, 0, 0, 0, 0, 8, 35
/Users/laoganbu/project/player/platform/mac/QSeekBar.cpp, C++, 0, 0, 0, 0, 0, 0, 0, 1, 1
/Users/laoganbu/project/player/platform/mac/QSeekBar.h, C++, 0, 4, 0, 0, 0, 0, 0, 1, 5
/Users/laoganbu/project/player/platform/mac/QtTest.cpp, C++, 0, 16, 0, 0, 0, 0, 2, 3, 21
/Users/laoganbu/project/player/platform/mac/SDLAudioDevice.cpp, C++, 0, 66, 0, 0, 0, 0, 11, 21, 98
/Users/laoganbu/project/player/platform/mac/SDLAudioDevice.h, C++, 0, 18, 0, 0, 0, 0, 0, 9, 27
/Users/laoganbu/project/player/platform/mac/SDLRenderView.cpp, C++, 0, 44, 0, 0, 0, 0, 0, 7, 51
/Users/laoganbu/project/player/platform/mac/SDLRenderView.h, C++, 0, 18, 0, 0, 0, 0, 0, 9, 27
/Users/laoganbu/project/player/platform/mac/build.sh, Shell Script, 0, 0, 0, 1, 0, 0, 0, 0, 1
/Users/laoganbu/project/player/platform/mac/disco_player_mac.mk, Makefile, 18, 0, 0, 0, 0, 0, 0, 8, 26
/Users/laoganbu/project/player/platform/mac/mainwindow.cpp, C++, 0, 127, 0, 0, 0, 0, 5, 26, 158
/Users/laoganbu/project/player/platform/mac/mainwindow.h, C++, 0, 36, 0, 0, 0, 0, 0, 10, 46
/Users/laoganbu/project/player/platform/mac/resources/pause.svg, XML, 0, 0, 0, 0, 1, 0, 0, 0, 1
/Users/laoganbu/project/player/platform/mac/resources/play.svg, XML, 0, 0, 0, 0, 1, 0, 0, 0, 1
/Users/laoganbu/project/player/platform/mac/shader/YUV2RGB.frag, GLSL, 0, 0, 0, 0, 0, 16, 0, 0, 16
/Users/laoganbu/project/player/platform/mac/shader/YUV2RGB.vert, GLSL, 0, 0, 0, 0, 0, 8, 0, 0, 8
/Users/laoganbu/project/player/platform/mac/test.cpp, C++, 0, 0, 0, 0, 0, 0, 52, 14, 66
/Users/laoganbu/project/player/player/ActivateNodeManager.cpp, C++, 0, 92, 0, 0, 0, 0, 0, 16, 108
/Users/laoganbu/project/player/player/ActivateNodeManager.h, C++, 0, 34, 0, 0, 0, 0, 13, 8, 55
/Users/laoganbu/project/player/player/CorePlayer.cpp, C++, 0, 239, 0, 0, 0, 0, 16, 43, 298
/Users/laoganbu/project/player/player/CorePlayer.h, C++, 0, 63, 0, 0, 0, 0, 10, 32, 105
/Users/laoganbu/project/player/player/IDiscoPlayer.h, C++, 0, 19, 0, 0, 0, 0, 2, 11, 32
/Users/laoganbu/project/player/player/PlayItem.cpp, C++, 0, 9, 0, 0, 0, 0, 0, 2, 11
/Users/laoganbu/project/player/player/PlayItem.h, C++, 0, 13, 0, 0, 0, 0, 0, 3, 16
/Users/laoganbu/project/player/player/RenderSynchronizer.cpp, C++, 0, 0, 0, 0, 0, 0, 0, 1, 1
/Users/laoganbu/project/player/player/RenderSynchronizer.h, C++, 0, 0, 0, 0, 0, 0, 0, 1, 1
/Users/laoganbu/project/player/player/StateChangedListener.h, C++, 0, 11, 0, 0, 0, 0, 1, 2, 14
/Users/laoganbu/project/player/player/disco_player.mk, Makefile, 15, 0, 0, 0, 0, 0, 0, 7, 22
/Users/laoganbu/project/player/player/state/BaseState.h, C++, 0, 10, 0, 0, 0, 0, 0, 1, 11
/Users/laoganbu/project/player/player/state/PlayingState.cpp, C++, 0, 18, 0, 0, 0, 0, 0, 7, 25
/Users/laoganbu/project/player/player/state/PlayingState.h, C++, 0, 15, 0, 0, 0, 0, 0, 4, 19
/Users/laoganbu/project/player/player/state/SeekingState.cpp, C++, 0, 47, 0, 0, 0, 0, 12, 13, 72
/Users/laoganbu/project/player/player/state/SeekingState.h, C++, 0, 29, 0, 0, 0, 0, 1, 5, 35
/Users/laoganbu/project/player/player/state/StateManager.cpp, C++, 0, 103, 0, 0, 0, 0, 3, 21, 127
/Users/laoganbu/project/player/player/state/StateManager.h, C++, 0, 45, 0, 0, 0, 0, 18, 18, 81
/Users/laoganbu/project/player/render/audio/AudioClip.cpp, C++, 0, 62, 0, 0, 0, 0, 0, 12, 74
/Users/laoganbu/project/player/render/audio/AudioClip.h, C++, 0, 26, 0, 0, 0, 0, 8, 9, 43
/Users/laoganbu/project/player/render/audio/AudioDataRequestListener.h, C++, 0, 14, 0, 0, 0, 0, 1, 2, 17
/Users/laoganbu/project/player/render/audio/AudioDevice.cpp, C++, 0, 11, 0, 0, 0, 0, 0, 4, 15
/Users/laoganbu/project/player/render/audio/AudioDevice.h, C++, 0, 18, 0, 0, 0, 0, 1, 3, 22
/Users/laoganbu/project/player/render/audio/AudioFrameTransformer.cpp, C++, 0, 46, 0, 0, 0, 0, 1, 10, 57
/Users/laoganbu/project/player/render/audio/AudioFrameTransformer.h, C++, 0, 29, 0, 0, 0, 0, 1, 14, 44
/Users/laoganbu/project/player/render/audio/AudioRender.cpp, C++, 0, 10, 0, 0, 0, 0, 0, 2, 12
/Users/laoganbu/project/player/render/audio/AudioRender.h, C++, 0, 12, 0, 0, 0, 0, 1, 4, 17
/Users/laoganbu/project/player/render/audio/AudioTransformNode.h, C++, 0, 10, 0, 0, 0, 0, 0, 4, 14
/Users/laoganbu/project/player/render/audio/AudioTransformProcessor.cpp, C++, 0, 64, 0, 0, 0, 0, 2, 13, 79
/Users/laoganbu/project/player/render/audio/AudioTransformProcessor.h, C++, 0, 26, 0, 0, 0, 0, 0, 9, 35
/Users/laoganbu/project/player/render/disco_render.mk, Makefile, 54, 0, 0, 0, 0, 0, 2, 22, 78
/Users/laoganbu/project/player/render/video/AsynRenderRefreshListener.h, C++, 0, 11, 0, 0, 0, 0, 1, 2, 14
/Users/laoganbu/project/player/render/video/Image.cpp, C++, 0, 58, 0, 0, 0, 0, 1, 11, 70
/Users/laoganbu/project/player/render/video/Image.h, C++, 0, 27, 0, 0, 0, 0, 1, 8, 36
/Users/laoganbu/project/player/render/video/RenderView.cpp, C++, 0, 22, 0, 0, 0, 0, 0, 4, 26
/Users/laoganbu/project/player/render/video/RenderView.h, C++, 0, 19, 0, 0, 0, 0, 1, 5, 25
/Users/laoganbu/project/player/render/video/VideoFrameTransformer.cpp, C++, 0, 49, 0, 0, 0, 0, 2, 8, 59
/Users/laoganbu/project/player/render/video/VideoFrameTransformer.h, C++, 0, 28, 0, 0, 0, 0, 1, 8, 37
/Users/laoganbu/project/player/render/video/VideoHeader.h, C++, 0, 4, 0, 0, 0, 0, 0, 2, 6
/Users/laoganbu/project/player/render/video/VideoRender.cpp, C++, 0, 17, 0, 0, 0, 0, 0, 5, 22
/Users/laoganbu/project/player/render/video/VideoRender.h, C++, 0, 18, 0, 0, 0, 0, 6, 9, 33
/Users/laoganbu/project/player/render/video/VideoTransformNode.h, C++, 0, 10, 0, 0, 0, 0, 0, 3, 13
/Users/laoganbu/project/player/render/video/VideoTransformProcessor.cpp, C++, 0, 39, 0, 0, 0, 0, 20, 4, 63
/Users/laoganbu/project/player/render/video/VideoTransformProcessor.h, C++, 0, 14, 0, 0, 0, 0, 0, 5, 19
/Users/laoganbu/project/player/stream/IStreamIterator.h, C++, 0, 10, 0, 0, 0, 0, 0, 3, 13
/Users/laoganbu/project/player/stream/InputStreamIterator.cpp, C++, 0, 32, 0, 0, 0, 0, 4, 4, 40
/Users/laoganbu/project/player/stream/InputStreamIterator.h, C++, 0, 17, 0, 0, 0, 0, 0, 1, 18
/Users/laoganbu/project/player/stream/MediaInputStream.cpp, C++, 0, 79, 0, 0, 0, 0, 6, 15, 100
/Users/laoganbu/project/player/stream/MediaInputStream.h, C++, 0, 27, 0, 0, 0, 0, 0, 8, 35
/Users/laoganbu/project/player/stream/PacketReader.cpp, C++, 0, 30, 0, 0, 0, 0, 0, 4, 34
/Users/laoganbu/project/player/stream/PacketReader.h, C++, 0, 19, 0, 0, 0, 0, 0, 4, 23
/Users/laoganbu/project/player/stream/PacketWrapper.h, C++, 0, 25, 0, 0, 0, 0, 1, 4, 30
/Users/laoganbu/project/player/stream/Reader.cpp, C++, 0, 4, 0, 0, 0, 0, 0, 2, 6
/Users/laoganbu/project/player/stream/Reader.h, C++, 0, 13, 0, 0, 0, 0, 0, 3, 16
/Users/laoganbu/project/player/stream/disco_stream.mk, Makefile, 24, 0, 0, 0, 0, 0, 0, 10, 34
/Users/laoganbu/project/player/test.cpp, C++, 0, 173, 0, 0, 0, 0, 44, 49, 266
Total, -, 291, 3384, 129, 1, 2, 24, 453, 994, 5278